q11_opt,q22_opt,r_opt,Vol_opt, time
1.000000000000000000e+01,1.000000000000000000e+00,1.000000000000000000e+00,1.459785571603861172e+03,1.200000000000000000e+02
