q11_opt,q22_opt,r_opt,Vol_opt, time(mins)
4.272727272727272485e+00,1.000000000000000000e+00,1.000000000000000000e+00,4.322735031548892692e+01,4.200000000000000000e+02
