q11_opt,q22_opt,r_opt,Vol_opt, time(mins)
1.000000000000000000e+00,1.000000000000000000e+00,1.000000000000000056e-01,0.000000000000000000e+00,2.380000000000000000e+02
