q11_opt,q22_opt,r_opt,Vol_opt, time(mins)
5.599999999999999645e+00,1.000000000000000056e-01,1.000000000000000000e+00,6.456325448151315527e+01,2.620000000000000000e+02
